	supersense_category	text
0	noun.person	SpenceOlham
1	verb.possession	earn
2	noun.person	Olham
3	noun.person	newsmachine
4	noun.communication	dispatch
5	noun.person	outspacer
6	noun.time	vacation
7	noun.act	camping
8	noun.artifact	poisonoak
9	noun.object	gopher
10	noun.location	SuttonWood
11	noun.person	Mary
12	verb.change	clearaway
13	noun.act	flashfire
15	verb.body	sag
16	noun.group	cause
17	verb.emotion	care
18	verb.contact	clamp
19	noun.artifact	needle-ship
21	noun.location	AlphaCentauri
22	verb.motion	bypass
23	noun.location	earthcruiser
24	noun.animal	turtle
25	noun.location	terra
26	verb.communication	demonstrate
27	noun.group	WestinghouseLabs
28	noun.location	earthcity
30	verb.competition	win
31	verb.creation	work
33	noun.communication	sword
34	noun.location	Damocles
35	verb.cognition	feel
36	noun.artifact	porch
37	noun.artifact	shoot
38	noun.animal	bug
39	noun.act	project
40	noun.location	Nelson
41	noun.object	bug
43	noun.person	spence
45	noun.communication	sigh
46	noun.person	Nelson
50	noun.artifact	asteroid
51	verb.social	abandon
52	noun.group	project
53	noun.communication	propaganda
54	noun.communication	newsmachine
55	noun.person	MajorPeters
58	noun.person	Peters
65	noun.quantity	speed
66	verb.motion	flash
67	noun.location	project
69	verb.communication	permit
71	noun.group	securityorgan
73	noun.person	MrOlham
76	verb.contact	arrest
80	verb.body	take
81	verb.body	let
85	verb.communication	murmur
86	noun.artifact	shootcar
87	verb.motion	rushup
88	verb.motion	headinto
94	noun.artifact	vidscreen
95	noun.person	securitychief
96	noun.act	complication
98	noun.artifact	craft
99	noun.event	failure
105	verb.change	wrinkle
106	verb.creation	prepare
107	noun.communication	citation
109	noun.communication	understand
110	verb.stative	require
111	noun.communication	key
112	noun.location	Moonbase
113	noun.communication	notify
115	verb.contact	land
116	noun.state	jeopardy
118	verb.perception	blank
120	noun.substance	protec
121	noun.shape	bubble
123	noun.act	hurry
124	verb.motion	rumble
126	verb.social	take
131	verb.communication	let
135	noun.location	moonward
136	verb.motion	turnover
139	verb.communication	letoff
140	noun.person	robot
143	verb.contact	detonate
144	verb.cognition	conjecture
145	noun.communication	speak
146	verb.change	enter
147	verb.body	resemble
149	noun.substance	chalk
150	verb.creation	impersonate
152	noun.person	official
153	noun.group	researchproject
157	verb.competition	locate
159	verb.social	release
160	noun.time	weekend
164	verb.perception	recognize
165	noun.location	university
167	verb.change	stay
169	verb.communication	snarl
170	noun.person	ted
174	verb.social	gowrong
177	verb.motion	take
178	noun.act	x-ray
179	noun.person	neitherPeters
185	noun.cognition	memorysystem
186	noun.cognition	interest
187	noun.artifact	U-Bomb
189	noun.object	moon
190	verb.contact	disassemble
193	verb.motion	lieback
196	noun.artifact	demolition
197	noun.food	bit
198	verb.contact	pulloff
202	verb.communication	think
203	verb.communication	contact
205	verb.motion	bump
208	verb.motion	bring
209	noun.group	squad
213	noun.artifact	pressuresuit
221	verb.communication	signal
225	verb.contact	tighten
226	noun.artifact	rod
227	verb.motion	rushout
228	verb.contact	hurry
229	noun.state	guilt
232	noun.event	wedding
235	noun.event	plague
236	verb.cognition	show
237	noun.act	hesitation
238	verb.communication	blame
239	verb.social	sacrifice
243	verb.communication	goahead
245	noun.act	run
250	noun.artifact	pressuresystem
251	verb.motion	chug
252	verb.change	restore
255	noun.artifact	controlboard
256	verb.contact	move
257	verb.motion	riseup
260	noun.event	cricket
261	verb.perception	chirp
262	verb.emotion	disturb
264	verb.motion	bentover
270	noun.person	DrChamberlain
272	verb.possession	have
273	noun.artifact	x-ray
274	noun.artifact	fluoroscope
281	noun.person	Chamberlain
282	noun.communication	pretext
283	verb.motion	stepdown
284	noun.artifact	studylight
285	noun.phenomenon	starlight
286	noun.artifact	shootbug
290	noun.person	staffdoctor
292	noun.state	danger
298	verb.perception	peal
301	noun.person	securityofficer
303	verb.competition	fire
305	verb.motion	wriggle
306	verb.motion	leapup
307	verb.contact	snapon
308	verb.motion	jumpdown
309	noun.artifact	backyard
312	verb.motion	goahead
314	verb.contact	park
315	noun.state	wilderness
316	noun.object	forest
318	noun.artifact	Borisgun
320	verb.motion	rigid
324	verb.communication	indicate
325	noun.communication	trigger
328	verb.change	detonate
330	verb.social	search
331	noun.group	cordon
332	noun.quantity	leave
334	verb.motion	moveaway
337	noun.location	settlement
338	verb.stative	begin
340	noun.quantity	mile
341	verb.cognition	measure
342	verb.contact	search
344	noun.person	realOlham
345	verb.change	crash
346	verb.change	breakup
347	verb.emotion	stir
348	noun.artifact	project
351	verb.motion	crash
353	noun.act	pace
354	noun.plant	sunlight
355	verb.motion	filterdown
357	noun.communication	minute
358	noun.object	stump
361	noun.location	wood
362	verb.perception	miss
364	verb.motion	tense
365	verb.stative	dependon
368	verb.communication	callout
369	verb.cognition	hold
370	noun.plant	branch
376	verb.perception	aim
378	noun.person	securityman
381	verb.contact	shoot
384	verb.competition	shoot
387	verb.motion	gooff
388	verb.contact	shutup
390	verb.motion	bentdown
391	verb.perception	poke
394	verb.emotion	assail
395	noun.state	ashe
396	noun.body	perspiration
401	verb.motion	stride
406	verb.motion	comealong
407	verb.motion	rundown
413	verb.contact	takeout
414	verb.change	catchfire
415	verb.change	smoking
419	verb.contact	layopen
420	noun.body	tear
424	verb.communication	breakoff
426	verb.cognition	demonstrate
429	verb.cognition	workout
434	verb.stative	reachout
436	verb.contact	gooff
437	noun.group	demolition
440	verb.contact	grabhold
443	verb.contact	holdon
444	noun.artifact	object
446	verb.change	kill
449	verb.body	chatter
451	verb.perception	whirling
452	noun.communication	sentence
454	noun.person	GarsonPoole
455	noun.artifact	hospitalbed
457	noun.artifact	bedward
458	noun.artifact	analgesic
459	noun.artifact	webs
460	noun.artifact	ped
461	verb.change	glimmer
462	noun.attribute	brilliance
463	verb.communication	dial
464	noun.artifact	outsideline
465	noun.person	LouisDanceman
466	noun.group	Tri-Plan
468	noun.communication	thankGod
469	noun.person	danceman
470	noun.body	surface
471	noun.communication	pockmark
472	verb.contact	flatten
473	noun.person	Poole
474	verb.contact	graft
476	verb.communication	cluck
477	verb.emotion	fuss
479	verb.contact	splunke
480	noun.group	policesystem
482	noun.location	Wyoming
483	noun.possession	lease
484	noun.cognition	option
486	noun.state	surrounding
487	noun.animal	squib
488	noun.artifact	pilot
489	verb.contact	careen
491	verb.contact	pileup
492	noun.Tops	sensation
493	noun.person	SarahBenton
495	verb.motion	hover
496	noun.location	by
497	verb.communication	mothering
498	verb.social	mother
499	noun.person	Sarah
500	verb.body	fall
501	noun.artifact	squib
502	noun.artifact	tierod
503	noun.artifact	steeringfin
506	noun.artifact	fone
508	verb.contact	fone
509	noun.person	Mr.GarsonPoole
510	noun.group	Tri-Planelectronic
511	noun.person	maker
512	noun.communication	identdart
513	noun.animal	prey
514	noun.attribute	radius
515	noun.phenomenon	encephwave
516	noun.person	Mr.Poole
518	noun.animal	ant
520	noun.artifact	component
521	noun.phenomenon	x-
522	noun.communication	ray
523	verb.communication	bearout
526	noun.person	nurse
530	noun.artifact	electricant
531	verb.contact	function
533	verb.stative	be
535	noun.artifact	hospitalboat
536	verb.motion	convey
537	noun.artifact	servicefacility
539	verb.social	function
543	verb.creation	design
544	noun.communication	delusion
545	noun.artifact	repairfacility
546	verb.communication	settle
547	noun.communication	bill
548	noun.artifact	frontdesk
551	verb.body	treat
554	noun.attribute	position
555	noun.communication	thankyou
560	verb.contact	install
561	noun.body	capillary
563	noun.artifact	stagevalve
564	noun.quantity	frog
565	noun.possession	salary
566	verb.contact	fuse
567	noun.act	labor
568	noun.act	abuse
570	verb.communication	pose
573	noun.act	clicking
574	noun.event	whirring
575	verb.communication	program
576	noun.person	slave
580	noun.possession	frog
581	verb.perception	test
582	noun.artifact	publiccarrier
583	noun.person	JackDaniel
584	verb.consumption	sip
585	verb.cognition	choose
586	verb.emotion	undermine
587	verb.stative	mimic
591	verb.cognition	absorb
592	verb.communication	Programmed
593	verb.stative	fit
594	verb.change	cut
595	verb.social	force
596	verb.motion	turn
597	verb.social	setabout
598	verb.body	remove
599	verb.contact	assemble
600	noun.artifact	complex
602	verb.emotion	baffle
603	noun.group	classBBB
605	noun.location	Boise
606	noun.location	Idaho
607	noun.act	use
608	verb.cognition	prorate
609	noun.artifact	buzzer
610	verb.communication	query
611	verb.cognition	takeintoaccount
612	noun.communication	audioinput
613	noun.person	querier
615	verb.communication	instruct
616	noun.communication	programming
617	verb.social	control
618	noun.act	behavior
619	verb.change	remove
620	verb.consumption	apply
621	noun.body	breastbone
622	verb.motion	ease
623	verb.change	comeoff
624	noun.artifact	controlmodule
625	noun.person	fone
626	noun.object	roll
627	noun.communication	punchtape
628	noun.body	heartmechanism
631	verb.change	dieout
632	verb.contact	yank
634	noun.artifact	spool
635	noun.artifact	scanner
636	noun.artifact	delivery
637	noun.artifact	take-up
638	noun.Tops	motion
640	verb.cognition	override
641	noun.artifact	deliverydrum
642	noun.substance	fone
643	verb.perception	relit
644	verb.social	recontacte
645	noun.time	secondlapse
649	verb.creation	programming
650	noun.artifact	turret
651	noun.body	neurologicalsystem
652	verb.change	emanate
654	noun.communication	query
655	verb.motion	flickoff
658	verb.change	disappear
659	noun.cognition	reality
660	verb.consumption	Fed
662	noun.body	centralnervoussystem
663	verb.change	unwind
664	verb.change	get
665	verb.creation	redress
666	noun.attribute	luxury
667	verb.change	import
669	verb.motion	leanback
670	noun.substance	nimbus
671	verb.communication	Bypass
672	noun.act	programming
673	verb.social	interfere
674	noun.artifact	realitytape
675	verb.cognition	deal
676	noun.cognition	universalization
677	noun.quantity	multitude
679	verb.change	setout
680	verb.possession	locate
681	noun.artifact	programmingcircuit
682	noun.state	function
683	verb.contact	set
684	verb.motion	go
687	noun.artifact	microtool
688	verb.cognition	enlarge
689	noun.person	foreman
691	noun.person	Mr.Danceman
692	noun.artifact	lenssystem
694	verb.stative	smoking
695	verb.motion	lug
697	noun.person	shopforeman
701	noun.location	shape
702	noun.artifact	punch
703	noun.body	hole
705	noun.event	charge
706	noun.substance	ferrousoxide
707	noun.artifact	slot
709	verb.stative	functionlike
710	noun.person	player
711	noun.act	punch
712	noun.artifact	hole
713	verb.possession	fillin
716	verb.creation	comeup
718	noun.time	timeperiod
719	verb.cognition	paintout
720	noun.phenomenon	stimuli
721	noun.artifact	microbrush
722	verb.contact	swab
723	noun.shape	section
724	noun.artifact	varnish
725	noun.artifact	supplykit
726	verb.contact	accompany
728	verb.cognition	smearout
729	noun.cognition	stimuli
730	verb.social	cover
732	verb.communication	overcome
736	noun.quantity	scotch
737	noun.food	sour
739	verb.communication	findout
740	verb.motion	raise
745	verb.emotion	prefer
747	verb.social	takeover
749	noun.location	ProxSystem
750	noun.location	Tri-Plan
752	noun.person	stockholder
753	noun.group	scatter
754	noun.person	MarvisBey
755	noun.person	husbandErnan
756	noun.location	Prox4
757	noun.possession	votestock
758	noun.cognition	policy
759	verb.possession	feed
760	noun.person	Beys
764	noun.location	NewYorkCity
767	verb.perception	lookaround
771	verb.motion	up
772	noun.person	stand
774	noun.person	Goodnight
776	verb.contact	searchfor
777	noun.artifact	cab
778	verb.communication	paint
779	noun.person	prostitute
780	noun.person	flower
781	noun.artifact	parkinglot
787	noun.act	pe
789	noun.location	nothingness
791	noun.time	fifteenminute
792	verb.contact	stub
793	verb.motion	shootoff
794	verb.contact	insert
795	verb.cognition	ponder
796	verb.contact	unlock
797	noun.artifact	livingroomchair
798	noun.person	captain
799	noun.artifact	kirk
801	noun.location	March
802	verb.body	peep
803	verb.contact	kneeldown
805	noun.substance	microtool
807	noun.cognition	standpoint
808	verb.change	openup
809	verb.cognition	explore
810	noun.artifact	microscrewdriver
811	verb.communication	demand
812	noun.person	employer
813	noun.group	Tri-plan
814	verb.cognition	respect
815	noun.shape	margin
817	noun.artifact	element
818	verb.change	reattache
819	noun.act	calculation
820	verb.social	fix
823	verb.social	free
826	verb.contact	gatherup
827	noun.person	captainkirk
828	verb.body	getinto
829	noun.artifact	tvchannel
830	noun.artifact	independent
831	noun.communication	tv
832	noun.artifact	set
833	noun.communication	channel
834	noun.artifact	cathoderay
835	verb.cognition	distinguish
836	noun.group	mixture
837	verb.cognition	perceive
838	verb.cognition	thinkof
840	noun.body	humanbrain
844	verb.change	kirk
846	noun.body	pillow
848	verb.change	turnoff
849	noun.quantity	Eleven
851	verb.cognition	see
852	noun.communication	nonsense
854	noun.act	mug
855	verb.change	stiffen
856	noun.state	immobility
857	verb.motion	drainaway
858	noun.Tops	object
859	verb.change	diminish
860	verb.motion	flit
861	verb.change	film
865	verb.communication	makeout
867	noun.artifact	doll
868	verb.contact	propup
869	verb.change	fade
870	verb.change	dwindle
871	verb.motion	eddy
872	noun.substance	element
873	verb.motion	collect
874	verb.motion	fallapart
876	verb.change	dissipate
877	verb.contact	closeover
878	verb.contact	sealoff
879	verb.contact	reach
880	noun.cognition	awareness
881	verb.stative	am
882	verb.motion	pace
883	verb.creation	makeup
884	noun.communication	encyclopedia
885	verb.communication	list
886	noun.communication	a.
887	noun.person	Apple
888	noun.substance	acksetron
889	noun.group	tomatoaspic
890	noun.communication	advertising
891	noun.cognition	category
892	noun.artifact	livingroom
893	verb.motion	spillin
894	verb.contact	bent
895	noun.person	maintenanceman
896	verb.motion	standback
898	verb.emotion	dither
899	verb.possession	replace
900	verb.communication	thank
904	verb.change	start
905	verb.cognition	assimilate
907	verb.body	compose
908	verb.communication	plunge
909	verb.body	passout
911	noun.group	maintenance
913	verb.body	sniffle
917	noun.artifact	transport
918	noun.act	insertion
919	verb.change	shutdown
920	verb.social	fiddlearound
926	noun.possession	installment
927	verb.body	rub
928	verb.contact	shave
929	noun.person	primarytechnician
930	verb.perception	will
931	verb.motion	jam
932	verb.cognition	occur
935	noun.artifact	photocell
936	noun.attribute	impedance
937	noun.body	neuro
938	verb.communication	mean
942	noun.phenomenon	voltage
943	verb.change	fuse
944	noun.quantity	load
945	noun.quantity	millionth
946	noun.quantity	watt
947	noun.substance	cesium
948	noun.quantity	sixteenth
949	noun.event	combination
950	noun.act	punch-out
951	noun.artifact	output
953	verb.communication	detail
955	verb.perception	experience
956	noun.state	entirety
957	noun.communication	symphonicscore
958	verb.cognition	enter
959	verb.perception	sound
960	noun.cognition	symphony
963	verb.consumption	like
965	noun.artifact	kitchentable
971	verb.communication	grate
972	verb.creation	control
974	noun.act	sequence
975	verb.contact	push
976	verb.possession	getout
977	verb.contact	seat
978	verb.stative	produce
979	verb.possession	transfer
980	noun.artifact	refrigerator
982	noun.artifact	supermarket
983	verb.possession	distribute
984	noun.possession	cashregister
985	verb.contact	joinback
986	noun.communication	videotape
987	verb.contact	prick
989	verb.change	emerge
990	noun.communication	microtool
994	verb.communication	extrapolate
995	verb.change	showup
997	noun.artifact	wristwatch
998	noun.relation	third
999	noun.group	flock
1000	noun.animal	duck
1001	verb.perception	quack
1002	noun.animal	feather
1003	noun.person	duck
1005	verb.cognition	marvel
1007	noun.location	parkbench
1009	noun.body	denture
1015	noun.shape	hole
1018	noun.cognition	stimulus
1019	noun.cognition	factor
1021	verb.change	glazedover
1027	verb.change	falter
1030	verb.communication	reportback
1031	verb.change	head
1032	verb.social	endanger
1034	noun.state	gloom
1037	verb.contact	unplug
1039	verb.communication	boildown
1043	noun.artifact	robot
1044	noun.event	circuit
1047	noun.artifact	microglove
1048	noun.artifact	assembly
1049	noun.artifact	cutblade
1052	noun.artifact	cutend
1053	noun.time	halfhour
1054	verb.perception	stare
1055	verb.body	cower
1057	verb.contact	reseat
1059	verb.communication	apologize
1060	verb.creation	imitate
1061	verb.body	palpitate
1062	verb.motion	goaway
1063	verb.motion	back
1065	noun.artifact	end
1067	verb.perception	peer
1068	noun.artifact	photoelectric
1069	verb.perception	gleam
1072	noun.animal	zebra
1073	verb.communication	lap
1076	noun.plant	squib
1077	noun.act	flood
1078	noun.state	drought
1079	noun.food	butter
1080	noun.feeling	odor
1082	noun.substance	poison
1083	noun.food	lemon
1084	verb.change	drown
1085	verb.communication	din
1086	verb.perception	squeak
1087	noun.object	body
1089	noun.artifact	lab
1091	verb.communication	bringforth
1092	verb.perception	lighting
1093	verb.stative	scorch
1094	verb.contact	frozen
1097	noun.person	roby
1098	verb.motion	sinkdown
1103	noun.cognition	stimulus-factor
1105	verb.contact	plug
1107	verb.contact	putthrough
1114	verb.body	wearout
1117	verb.body	tremble
1118	noun.artifact	roby
1122	verb.motion	blow
1124	noun.location	Hanoi
1125	verb.competition	face
1126	noun.person	peddler
1127	noun.person	passer
1128	noun.person	Chien
1129	noun.group	MinistryofCulturalArtifacts
1130	verb.creation	crop
1131	verb.contact	deflect
1132	noun.artifact	scooter
1133	noun.artifact	motorcycle
1135	noun.person	comrade
1137	verb.motion	pursue
1138	noun.substance	helium
1139	verb.motion	scuttle
1140	noun.group	Chien
1141	noun.cognition	remedy
1142	verb.cognition	complete
1143	noun.communication	testimonial
1144	noun.person	user
1145	verb.social	assist
1147	noun.group	CentralCommittee
1148	noun.attribute	opportunism
1149	verb.cognition	testing
1150	verb.body	cure
1151	noun.state	radiationsickness
1153	noun.state	sexualprowess
1154	noun.event	progression
1155	noun.state	melanomae
1156	noun.state	cancer
1157	verb.contact	lift
1158	noun.artifact	aluminumcan
1159	noun.artifact	jar
1161	noun.person	rival
1162	verb.social	usurp
1163	verb.possession	purvey
1164	noun.artifact	ointment
1165	noun.substance	balm
1167	noun.possession	dollar
1168	noun.artifact	exchange
1169	noun.possession	tissue
1170	verb.stative	goto
1173	noun.person	superior
1174	noun.group	Ministry
1175	noun.communication	notation
1176	noun.person	subordinate
1181	noun.feeling	indignation
1182	noun.communication	because
1184	noun.person	warveteran
1185	noun.group	ColossalFinal
1186	noun.group	UnitedFront
1187	noun.group	imperialist
1188	noun.attribute	extremity
1189	noun.act	battle
1190	noun.artifact	ware
1191	noun.person	veteran
1192	noun.state	fine
1193	noun.time	jail
1194	noun.act	sentence
1196	verb.motion	nod
1197	noun.artifact	hovercab
1198	noun.artifact	herbalremedy
1199	noun.artifact	parcel
1202	noun.artifact	spermatocide
1203	verb.cognition	qualifyfor
1205	noun.artifact	billfold
1206	noun.possession	inflationary
1207	noun.person	governmentservant
1210	verb.emotion	appal
1213	verb.communication	excuse
1214	noun.person	healer
1215	verb.cognition	take
1217	noun.location	west
1218	noun.location	steer
1219	noun.act	roping
1220	noun.act	indulgence
1221	noun.group	Party
1223	verb.contact	select
1224	noun.possession	tradedollar
1225	noun.communication	guarantee
1226	noun.relation	portion
1227	noun.possession	refund
1229	verb.emotion	fatigue
1230	noun.communication	monologue
1232	noun.communication	sermon
1234	verb.motion	strideoff
1235	noun.person	ball
1236	noun.possession	racket
1237	noun.communication	ordinance
1238	verb.social	setup
1239	noun.person	vet
1240	noun.person	raptor
1241	noun.communication	packet
1242	noun.group	PostwarMinistryofCulturalArtifacts
1243	noun.time	workday
1244	noun.person	male
1245	noun.person	caucasian
1247	noun.person	Ssu-MaTso-pin
1248	noun.person	tso-pin
1249	noun.communication	cantonese
1250	noun.communication	dialect
1251	noun.person	Mr.TungChien
1252	noun.person	Mr.DariusPethel
1253	noun.person	Mr.Pethel
1254	noun.person	headmaster
1255	noun.group	establishment
1256	noun.location	SanFernando
1258	verb.stative	support
1259	verb.social	unseat
1260	noun.person	imperialist
1261	noun.group	bloc
1262	noun.group	country
1263	noun.state	post
1264	noun.substance	tea
1266	noun.artifact	hibachi
1267	noun.substance	ceramic
1268	verb.communication	burble
1269	noun.person	MissHsi
1270	verb.cognition	layout
1271	noun.person	ComradePethel
1274	verb.cognition	trust
1276	noun.communication	philosophy
1277	verb.communication	maintain
1278	noun.group	youth
1279	noun.group	segment
1280	noun.group	U.S.
1281	noun.location	Sacramento
1282	verb.cognition	estimate
1283	noun.quantity	tenthousand
1284	noun.act	enrollment
1285	verb.cognition	select
1288	verb.change	boiling
1292	noun.location	Lipton
1294	noun.person	althoughMr.Pethel
1295	verb.social	supervise
1296	verb.change	setup
1297	noun.act	course
1298	noun.cognition	instruction
1299	noun.communication	examinationpaper
1300	noun.person	Mr.Chien
1302	verb.consumption	pour
1304	noun.person	Pethel
1306	noun.person	Tso-
1307	noun.artifact	pin
1308	verb.competition	lose
1310	verb.communication	dissemble
1312	verb.communication	turn
1314	noun.act	lie
1317	verb.communication	mouth
1318	noun.communication	slogan
1319	noun.communication	testpaper
1320	noun.quantity	thousand
1321	verb.motion	passthrough
1324	verb.communication	envision
1325	verb.contact	blink
1326	noun.attribute	vulgarity
1328	noun.group	staff
1329	verb.communication	requisition
1331	noun.possession	budget
1332	noun.person	absoluteBenefactor
1335	noun.communication	hysteria
1336	verb.change	wither
1337	noun.state	submission
1338	verb.change	underline
1340	noun.communication	d
1343	noun.person	benefactor
1344	noun.body	homily
1345	verb.competition	fight
1346	verb.communication	intone
1348	verb.communication	conceal
1350	noun.artifact	computer
1352	noun.attribute	correctness
1353	noun.attribute	incorrectness
1354	noun.person	DariusPethel
1355	verb.perception	scrutinize
1357	noun.communication	examinationessay
1360	noun.body	gaze
1362	noun.person	vice-councilor
1364	noun.person	hisgreatness
1366	verb.communication	confer
1367	noun.person	Kisterigian
1368	noun.communication	medal
1370	noun.state	unison
1374	verb.motion	vibrate
1376	noun.person	progressive
1378	noun.communication	conviction
1379	noun.person	stilyagi
1381	noun.person	crypto
1383	noun.person	doctrineof
1384	noun.group	poetryof
1385	noun.person	BAHAAD-DINzuhayrofthirteenth
1386	noun.person	CENTURYARABIA
1388	noun.communication	quatrain
1389	noun.communication	death
1390	noun.time	adult
1391	noun.location	level
1392	verb.social	hunt
1396	verb.cognition	reread
1398	noun.attribute	wisdom
1400	noun.time	live
1402	verb.stative	survive
1404	verb.communication	satirize
1405	noun.communication	promulgation
1406	noun.person	cagily
1408	verb.perception	inspect
1410	noun.person	Bahaad-DinZuhayr
1411	noun.communication	anthology
1412	noun.communication	rehash
1413	noun.communication	cliche
1414	verb.change	snuffout
1415	noun.attribute	aspiration
1418	noun.location	UnitedStates
1419	verb.social	persevere
1420	verb.change	wipeout
1421	noun.person	remnant
1422	noun.location	Catskills
1423	noun.location	Tennessee
1424	noun.location	redhills
1425	noun.location	Oklahoma
1428	noun.act	leisure
1430	noun.artifact	condominium
1431	verb.communication	adjudge
1432	verb.communication	bow
1433	noun.communication	insult
1437	verb.social	perform
1439	noun.person	Mikoyan
1440	verb.communication	approve
1441	noun.location	you
1444	noun.person	caucasianPethel
1445	verb.possession	hand
1446	noun.food	hotpotato
1447	noun.group	CPU.S.A.
1448	noun.act	indoctrination
1449	noun.artifact	academy
1450	noun.group	yank
1451	noun.person	youth
1453	verb.motion	reach
1454	verb.communication	though
1457	noun.person	MarionCulper
1459	noun.communication	poetryclass
1460	noun.act	grain
1461	verb.change	straighten
1462	noun.artifact	easychair
1463	noun.location	CuestaRey
1464	noun.person	writer
1465	noun.person	MissCulper
1467	noun.person	JohnDryden
1468	noun.person	St.Cecilia
1469	noun.artifact	pageant
1470	verb.contact	devour
1471	noun.communication	trumpet
1472	verb.contact	untune
1474	noun.person	Dryden
1475	noun.group	capitalism
1476	noun.act	pageant
1477	verb.motion	leanover
1478	verb.contact	takehold
1479	verb.change	goout
1480	verb.contact	gropein
1481	noun.artifact	tvset
1484	noun.person	leader
1486	noun.location	Peking
1487	noun.state	poverty
1488	verb.change	flower
1490	noun.person	announcer
1491	noun.communication	groan
1493	noun.communication	bow
1496	noun.artifact	monitordevice
1497	verb.communication	narrate
1498	noun.group	secpol
1499	noun.group	securityPolice
1500	noun.communication	visage
1501	verb.perception	manifest
1502	noun.group	CPEast
1503	noun.person	ruler
1505	noun.person	blah
1506	verb.body	reseat
1513	verb.change	enrich
1514	noun.location	DemocraticEast
1515	noun.location	WestCoast
1516	noun.act	chore
1517	verb.communication	face
1519	noun.attribute	greatness
1521	noun.person	PartyLeader
1522	verb.communication	single
1523	noun.feeling	cynicism
1524	noun.location	Hanoitv
1525	verb.communication	require
1527	verb.cognition	mullover
1530	noun.act	lampoonery
1532	verb.contact	dump
1535	noun.communication	printword
1536	verb.contact	unfold
1537	verb.emotion	snare
1538	verb.social	fail
1541	verb.perception	drone
1542	noun.substance	snuff
1543	noun.artifact	grain
1544	noun.substance	gunpowder
1545	verb.contact	sendup
1546	noun.substance	aromatic
1547	verb.perception	tickle
1548	noun.person	prince
1550	noun.location	PekingU
1551	noun.cognition	fad
1552	noun.artifact	amatorymix
1553	noun.location	chungking
1555	noun.food	snuff
1556	noun.substance	essence
1557	noun.substance	organe
1558	noun.animal	baby
1559	noun.act	end
1560	noun.feeling	yearn
1561	noun.substance	nasal
1564	verb.contact	sniff
1565	verb.change	cure
1566	verb.change	fallinlove
1567	noun.state	background
1568	noun.artifact	doorbell
1569	noun.person	MouKuei
1570	noun.person	BuildingWarden
1573	noun.person	worker
1574	noun.artifact	televisionscreen
1575	verb.contact	fiddle
1576	noun.group	packet
1577	noun.artifact	ballpointpen
1578	noun.communication	hithertonow
1579	verb.body	repose
1582	noun.person	blink
1583	noun.person	kuei
1584	noun.person	theleader
1585	verb.social	rule
1587	verb.social	single
1588	noun.attribute	punctuality
1589	noun.person	warden
1590	noun.communication	reprimand
1591	verb.emotion	irk
1598	noun.relation	relevance
1600	verb.communication	expostulate
1602	noun.artifact	clipboardsheet
1603	verb.communication	comeup
1604	noun.attribute	slackness
1605	verb.change	originate
1606	noun.communication	automatictransmission
1607	noun.artifact	recordingcircuit
1610	verb.communication	fart
1613	noun.time	leisure
1614	verb.consumption	spend
1616	verb.cognition	weigh
1619	noun.communication	warnlight
1620	verb.change	winkon
1621	verb.change	shutoff
1623	noun.communication	tirade
1625	noun.communication	speech
1627	noun.event	din
1629	verb.social	bay
1630	verb.motion	hound
1631	noun.animal	mankind
1633	verb.social	prevent
1635	verb.change	shakeout
1636	noun.plant	granules
1637	verb.consumption	inhale
1639	noun.body	sinuscavity
1641	noun.act	inhalation
1643	verb.change	affect
1644	noun.body	cerebralcortex
1645	verb.motion	seat
1646	noun.artifact	tvscreen
1647	noun.artifact	speaker
1650	verb.motion	draw
1651	noun.body	sinus
1654	noun.substance	solidstate
1655	verb.contact	swivel
1656	noun.body	pseudopodia
1657	noun.artifact	squawk
1658	verb.communication	harangue
1661	noun.state	hallucination
1663	verb.possession	comeacross
1664	verb.social	make
1665	noun.artifact	vidphone
1668	noun.person	pusher
1669	noun.person	bureaucrat
1670	verb.motion	makeit
1671	verb.perception	witness
1672	noun.person	apparition
1674	noun.location	D.C.
1676	verb.body	relieve
1679	noun.artifact	monstrosity
1680	verb.perception	yammeraway
1682	noun.person	secpol
1683	verb.perception	rap
1685	verb.perception	seepback
1686	noun.body	podium
1687	verb.motion	squall
1689	noun.artifact	psychedelic
1690	verb.contact	absorb
1694	verb.communication	rattleout
1695	noun.time	evening
1696	noun.person	TungChien
1697	verb.body	inhale
1699	verb.communication	giveout
1701	verb.communication	start
1702	noun.artifact	streetintersection
1704	noun.person	comradeChien
1707	verb.cognition	analyze
1709	noun.communication	goodluck
1710	verb.communication	notify
1711	noun.state	complaint
1712	noun.group	bureaucracy
1716	noun.artifact	hallucinogen
1718	noun.substance	phenothiazine
1719	noun.quantity	dose
1720	noun.state	admixture
1721	verb.change	low
1722	noun.group	cache
1724	verb.motion	retreat
1725	noun.person	barbarian
1729	noun.artifact	view
1730	noun.location	Hanoihigh
1731	noun.artifact	conapt
1733	verb.perception	feel
1734	noun.state	trance
1736	noun.artifact	babushka
1737	noun.person	ComradeChien
1740	verb.perception	monitor
1742	noun.cognition	certitude
1747	verb.cognition	confuse
1749	noun.artifact	horror
1750	noun.object	lifeform
1751	noun.attribute	simulacrum
1755	noun.feeling	sweetness
1756	noun.state	agitation
1758	noun.communication	stelazine
1759	noun.possession	stelazine
1762	noun.group	category
1763	noun.person	bird
1764	noun.group	climbtube
1766	verb.communication	plungeon
1768	noun.group	GroupRed
1769	verb.communication	beall
1770	verb.change	relax
1771	noun.group	GroupYellow
1772	noun.event	whirlwind
1773	verb.social	root
1780	noun.artifact	stelazine
1781	verb.stative	constitute
1782	noun.person	careerman
1784	verb.social	have
1785	noun.person	pol
1786	verb.cognition	study
1789	noun.group	hierarchy
1790	noun.person	Mr.Tso-pin
1794	noun.communication	exampaper
1795	noun.cognition	ideology
1797	verb.stative	stop
1800	noun.artifact	listendevice
1805	noun.person	highSecpolInspectorJuddCraine
1806	verb.stative	actas
1807	noun.person	assistant
1808	noun.person	JudgeVorlawsky
1809	noun.act	war-crime
1810	noun.person	TanyaLee
1811	noun.act	cerebration
1812	noun.person	MissLee
1814	verb.cognition	runinto
1815	noun.act	post
1817	verb.motion	pick
1819	noun.event	noisefactor
1820	noun.artifact	apartmentbuilding
1822	noun.artifact	sheathe
1826	noun.act	drink
1827	verb.perception	analyze
1829	noun.cognition	test
1830	noun.substance	hallucinogen
1831	noun.substance	ergot
1832	noun.cognition	derivative
1833	noun.artifact	restaurant
1834	noun.location	Ministry
1835	verb.change	pipe
1837	verb.change	turnaround
1838	verb.communication	accountfor
1839	noun.state	reality
1841	verb.motion	wrinkle
1844	noun.group	Partyofficialdom
1845	noun.person	smile
1846	verb.communication	finish
1847	noun.act	investment
1848	verb.communication	underwritten
1849	verb.contact	operate
1850	noun.person	hatchetman
1852	noun.cognition	infinitude
1853	verb.social	ax
1855	noun.state	contention
1859	verb.communication	strike
1860	noun.person	officeholder
1861	noun.group	ministry
1862	verb.communication	admit
1863	noun.person	greatness
1864	verb.social	groom
1865	verb.emotion	hope
1866	verb.change	infuse
1868	noun.person	fogy
1870	noun.person	hack
1871	verb.cognition	single
1873	verb.social	go
1874	verb.emotion	shake
1875	verb.perception	seep
1879	noun.group	HanoiSecurityPolice
1880	noun.act	turn
1882	verb.social	bribe
1885	verb.consumption	take
1889	verb.contact	hangup
1891	noun.group	force
1899	noun.relation	regard
1904	noun.attribute	composure
1905	verb.cognition	intend
1907	noun.act	VietnamWar
1908	noun.group	troop
1911	noun.cognition	issue
1912	verb.motion	penetrate
1913	verb.social	enlist
1915	noun.person	theoretician
1916	verb.communication	invite
1918	verb.change	lift
1919	verb.communication	consult
1921	noun.act	seclusion
1922	verb.cognition	hope
1925	noun.state	despair
1926	verb.cognition	think
1928	verb.communication	snap
1931	noun.communication	jargon
1932	noun.communication	text
1933	verb.social	trap
1935	noun.person	functionary
1939	noun.communication	quidproquo
1941	verb.communication	sound
1943	noun.attribute	emotionality
1947	verb.communication	ascend
1948	verb.social	monitor
1950	noun.location	YangtzeRiver
1951	noun.artifact	villa
1953	noun.cognition	ratingtest
1954	verb.consumption	supply
1956	noun.event	response
1959	verb.body	sedate
1960	noun.substance	stelazine
1961	verb.social	blackmail
1962	verb.communication	mention
1963	noun.act	blackmail
1967	verb.social	break
1969	noun.state	subclass
1970	noun.group	class
1971	verb.social	overthrow
1972	verb.social	getthrough
1973	noun.attribute	poise
1975	noun.person	clanker
1976	noun.animal	bird
1977	noun.location	climbtube
1978	noun.communication	view
1979	verb.communication	giveup
1980	noun.cognition	line
1983	noun.communication	exam
1986	noun.person	candidate
1987	noun.substance	garbage
1990	noun.communication	ramification
1991	verb.communication	regard
1997	noun.location	YangtzeRiverRanch
1998	noun.person	Mrs.Fletcher
1999	verb.cognition	appreciate
2005	noun.person	ThomasFletcher
2008	noun.person	originally
2009	noun.group	NewZealandCommunistParty
2010	noun.act	takeover
2011	verb.contact	toy
2012	noun.artifact	watchchain
2013	noun.person	cauc
2015	noun.attribute	loyalty
2017	noun.person	witnessMr.Pethel
2019	verb.perception	jolt
2023	noun.communication	refinement
2025	noun.communication	criticism
2027	noun.act	slip-up
2029	verb.communication	represent
2031	noun.time	notice
2033	noun.event	dinnerparty
2037	noun.communication	card
2038	verb.motion	fly
2039	noun.location	sino-rocket
2041	noun.location	villa
2042	noun.person	protocolofficer
2044	noun.artifact	tail
2045	noun.quantity	greatnumber
2046	noun.food	toast
2047	noun.act	get
2048	noun.act	together
2050	verb.cognition	honor
2051	noun.person	BenFranklin
2058	verb.cognition	disappoint
2059	verb.cognition	tend
2060	verb.cognition	train
2061	noun.person	radish
2062	noun.cognition	respect
2063	verb.social	workout
2064	verb.stative	holdforth
2065	noun.quantity	dosage
2068	noun.attribute	stamina
2069	verb.possession	balance
2072	verb.communication	chimein
2073	noun.cognition	indulgence
2074	noun.person	Lorenzo
2075	noun.person	de'medici
2076	verb.cognition	cometomind
2079	noun.feeling	chill
2081	verb.cognition	probe
2082	verb.creation	ferretout
2084	noun.group	streak
2087	verb.perception	snare
2088	verb.motion	avoid
2091	verb.motion	scoot
2092	verb.competition	block
2093	verb.communication	confront
2094	noun.artifact	medication
2097	verb.communication	goback
2099	noun.communication	whine
2100	noun.person	streetpeddler
2101	verb.communication	comeacross
2105	verb.possession	pick
2106	noun.artifact	pharmacy
2107	verb.motion	starton
2114	noun.location	YangtzeRivervilla
2116	verb.competition	keepup
2119	noun.person	PartyMemberChien
2120	noun.person	GoodLord
2121	noun.person	Terran
2123	noun.location	halt
2126	noun.artifact	sill
2128	noun.body	stimulant
2129	noun.artifact	suppressant
2134	noun.artifact	drive-mechanism
2135	noun.communication	ident
2137	verb.contact	infiltrate
2139	noun.communication	notice
2140	verb.contact	repose
2141	verb.body	sit
2144	verb.cognition	surprised
2145	noun.communication	thankheaven
2146	noun.state	goodluck
2147	verb.communication	approach
2148	verb.change	ignite
2149	noun.artifact	disposal
2150	noun.substance	granules
2152	noun.artifact	watersupply
2153	noun.time	year
2154	noun.time	decade
2155	noun.time	peacetime
2156	noun.group	enemy
2157	noun.person	Tanya
2158	noun.communication	curiosity
2160	noun.act	careerwise
2161	verb.emotion	grip
2162	verb.communication	take
2163	noun.substance	inhalant
2164	noun.location	plain
2165	verb.cognition	pick
2167	noun.person	protocol
2168	noun.person	KimoOkubara
2169	noun.group	quondam
2170	noun.person	wrestler
2171	noun.feeling	surprise
2172	noun.person	Okubara
2174	verb.emotion	miss
2177	noun.group	dinner
2179	verb.cognition	double
2182	noun.time	spasm
2183	noun.state	parkinsonism
2184	noun.phenomenon	sideeffect
2185	verb.cognition	anticipate
2186	verb.motion	walkby
2187	verb.motion	come
2192	noun.communication	joke
2194	verb.communication	homosexual
2197	noun.artifact	gown
2199	noun.attribute	ambiguity
2200	verb.change	advance
2202	noun.communication	approval
2204	noun.act	fraud
2205	noun.cognition	variety
2209	noun.group	people
2211	verb.social	mingle
2213	verb.body	glow
2214	noun.cognition	mutation
2215	noun.food	drink
2216	noun.person	servant
2217	noun.food	martini
2219	noun.group	partyclass
2220	noun.location	China--
2221	noun.attribute	flavor
2222	noun.food	gin
2223	noun.location	Holland
2224	noun.plant	juniper
2225	verb.body	feel
2226	noun.artifact	drinkglass
2228	verb.communication	snigger
2229	noun.person	quig
2235	verb.body	tense
2236	noun.feeling	greatness
2241	noun.communication	speechmaking
2242	noun.person	Mussolini
2243	verb.social	salute
2244	noun.event	procession
2246	noun.shape	pseudopodia
2247	verb.cognition	determine
2248	noun.shape	boundary
2249	verb.creation	blast
2250	verb.possession	drain
2251	verb.change	passon
2252	noun.feeling	appetite
2254	noun.animal	slug
2256	noun.artifact	carcass
2257	verb.emotion	savor
2259	verb.emotion	injure
2260	verb.contact	remnant
2261	verb.creation	reassemble
2266	noun.location	valley
2268	verb.contact	engineer
2269	verb.body	guzzle
2272	noun.substance	slime
2273	verb.consumption	excrete
2274	noun.object	mire
2275	verb.change	boil
2277	noun.substance	flake
2278	verb.consumption	enjoy
2280	verb.change	die
2281	verb.cognition	disjoin
2283	noun.person	thing
2284	noun.communication	arabicpoem
2285	noun.person	hunter
2286	verb.motion	miss
2287	noun.communication	poem
2289	verb.cognition	warp
2290	verb.contact	setdown
2293	noun.attribute	purple
2294	noun.artifact	veranda
2295	noun.quantity	story
2297	verb.motion	tumbleover
2298	noun.shape	extension
2299	verb.cognition	wonder
2301	verb.motion	teeter
2302	verb.contact	holdback
2304	verb.change	speed
2305	noun.process	process
2306	verb.motion	slide
2312	noun.person	YankeeImperialists
2313	verb.communication	quaver
2315	noun.artifact	Ministry
2317	verb.consumption	drink
2318	verb.contact	pinch
2319	noun.artifact	rearend
2320	verb.social	torment
2321	verb.communication	deprive
2322	noun.communication	mystery
2323	noun.Tops	live
2324	noun.artifact	diningroom
2326	verb.body	suffer
2328	verb.contact	nail
2330	noun.person	Mr.KimoOkubara
2331	noun.location	disgrace
2332	verb.motion	get
2333	noun.person	onetrueGod
2335	verb.social	fight
2336	verb.stative	stare
2338	verb.motion	getaway
2339	verb.cognition	mix
2342	noun.location	ruin
2345	noun.person	knight
2346	noun.artifact	plume
2349	noun.location	CuestaReyAstoria
2352	verb.stative	blaze
2353	verb.creation	relit
2356	noun.quantity	deal
2357	verb.motion	comeup
2361	noun.artifact	bedroom
2362	noun.artifact	sweater
2363	noun.artifact	stretch-pant
2364	noun.person	pause
2365	verb.social	assign
2366	noun.communication	Pythagorean
2367	noun.artifact	slipperlike
2368	noun.artifact	donkey
2369	noun.artifact	steamengine
2370	verb.motion	drawback
2373	noun.act	triumph
2375	noun.person	he
2379	verb.motion	pad
2381	noun.person	crusher
2384	noun.communication	form
2386	verb.contact	bringon
2389	verb.cognition	believe
2396	noun.artifact	shirt--
2397	noun.attribute	stigma
2398	noun.artifact	pajama
2399	noun.body	top
2400	verb.perception	hide
2403	verb.stative	goon
2405	verb.motion	migrateup
2406	noun.animal	blob
2407	verb.motion	float
2408	verb.motion	floatup
2410	noun.artifact	washcloth
2412	verb.contact	seizehold
2413	verb.social	toy
2414	verb.body	bleed
2415	verb.contact	sponge
2416	verb.motion	return
2871	noun.person	Anderton
2872	noun.person	witwer
2873	noun.attribute	formality
2874	verb.communication	consider
2875	noun.person	Ed
2877	noun.communication	overture
2881	noun.time	couple
2886	noun.communication	privateopinion
2888	noun.group	Senate
2894	verb.social	retire
2897	noun.act	compulsion
2899	noun.group	precrime
2902	verb.communication	cooldown
2904	verb.change	go
2905	verb.perception	familiarize
2908	noun.person	mutant
2909	verb.social	abolish
2910	noun.artifact	jail
2911	noun.act	fine
2912	verb.consumption	afford
2913	noun.act	lift
2915	noun.communication	drawback
2916	noun.cognition	methodology
2917	verb.social	takein
2920	verb.communication	affirm
2921	verb.social	commit
2922	noun.group	commission
2923	noun.cognition	metaphysic
2924	noun.artifact	lift
2925	noun.act	crime
2927	verb.communication	goon
2928	noun.artifact	detentioncamp
2929	noun.person	criminal
2930	noun.artifact	door
2931	noun.artifact	analyticalwing
2932	verb.stative	rise
2933	noun.artifact	receptor
2934	noun.act	compute
2935	noun.artifact	mechanism
2936	verb.change	restructure
2937	noun.person	precog
2939	noun.person	idiot
2940	verb.communication	babble
2941	verb.cognition	reassemble
2942	verb.communication	transcribe
2943	noun.communication	punchcard
2944	verb.contact	eject
2947	verb.body	babble
2948	verb.contact	imprison
2949	noun.body	position
2950	verb.communication	gibbering
2951	verb.communication	contemplate
2952	noun.communication	prophecy
2955	noun.feeling	shame
2957	verb.communication	gesticulate
2959	noun.person	Donna
2960	verb.change	absorb
2961	verb.motion	shrivel
2963	verb.possession	passon
2965	noun.artifact	card
2966	verb.body	frown
2969	noun.state	annoyance
2971	verb.contact	pop
2973	verb.communication	exclaim
2974	noun.time	span
2976	verb.possession	pass
2981	noun.act	theft
2982	noun.possession	income
2983	noun.act	evasion
2984	noun.act	extortion
2986	verb.social	cutdown
2987	noun.person	felony
2988	noun.person	culprit
2994	verb.cognition	carry
2996	verb.contact	riffle
2999	verb.change	return
3000	noun.person	quietlyAnderton
3001	noun.artifact	stockmarket
3004	noun.person	WallyPage
3006	noun.animal	monkey
3007	noun.act	judgment
3008	noun.person	asPage
3013	noun.motive	conscience
3014	verb.motion	slipup
3016	noun.person	bitterly
3018	noun.attribute	trust
3019	verb.communication	tempt
3021	verb.social	pickup
3023	verb.motion	pop
3024	noun.person	ArmyGHQ
3027	verb.stative	tighten
3030	noun.attribute	harshness
3031	noun.attribute	flush
3034	verb.communication	accuse
3035	noun.person	murderer
3036	noun.communication	codepunch
3037	noun.person	PrecrimeCommissionerJohnA.Anderton
3038	noun.person	page
3040	noun.person	Lisa
3044	noun.artifact	police
3046	noun.person	executiveofficer
3050	verb.perception	notice
3053	noun.person	accomplice
3056	noun.group	conspiracy
3057	noun.event	alteration
3058	verb.contact	tearopen
3059	verb.communication	incriminate
3060	noun.group	army
3061	verb.cognition	checkover
3063	noun.attribute	discrepancy
3064	verb.possession	appropriate
3066	noun.artifact	copy
3067	noun.location	page
3068	noun.act	round-up
3069	verb.stative	elapse
3070	verb.motion	pullup
3073	noun.person	EdWitwer
3074	noun.act	scrutiny
3075	noun.person	coworker
3076	noun.person	warily
3083	verb.stative	stayat
3084	noun.communication	wait
3086	verb.emotion	startled
3088	verb.motion	backoff
3090	noun.time	balance
3091	noun.act	excuse
3092	verb.motion	trail
3097	verb.creation	thinkof
3098	verb.contact	detain
3101	verb.contact	catchhold
3103	verb.social	block
3104	verb.body	act
3105	verb.communication	ignore
3107	verb.social	frame
3109	verb.competition	get
3111	noun.artifact	moccasin
3113	noun.feeling	dismay
3114	noun.feeling	disbelief
3115	noun.person	darling
3119	noun.state	trauma
3121	verb.cognition	plot
3124	verb.cognition	examine
3125	verb.change	drainout
3128	noun.motive	pretext
3129	verb.social	resign
3132	verb.possession	absorb
3134	verb.perception	fall
3135	noun.feeling	hostility
3136	noun.feeling	resentment
3138	verb.competition	pasture
3143	noun.act	headstart
3144	verb.motion	goback
3148	verb.contact	jab
3155	verb.social	plot
3158	noun.person	LEOPOLDKAPLAN
3159	verb.possession	pocket
3161	verb.motion	pack
3163	noun.state	conspiracy
3165	noun.state	picture
3168	verb.motion	getoff
3169	noun.location	frontier
3170	noun.artifact	sportjacket
3172	noun.person	main
3173	noun.artifact	overcoat
3174	noun.act	response
3177	noun.person	policeofficer
3178	verb.motion	hustle
3179	noun.artifact	limousine
3180	verb.motion	closein
3182	verb.motion	jog
3183	noun.communication	motion
3185	verb.motion	turnoff
3186	verb.change	blinkon
3189	noun.person	mainin
3192	noun.artifact	residence
3193	verb.contact	setout
3195	verb.contact	slip
3196	verb.contact	moisten
3197	noun.body	attitude
3198	noun.attribute	sheen
3202	verb.contact	pack
3203	verb.contact	packing
3206	noun.person	LeopoldKaplan
3208	verb.communication	counter
3209	noun.person	CommissionerofPolice
3210	verb.social	sendup
3212	noun.person	Kaplan
3213	noun.feeling	impatience
3214	verb.cognition	surprise
3217	noun.group	WestblocAlliance
3218	noun.act	abolishment
3219	noun.location	afwa
3222	verb.social	process
3223	noun.substance	duplicate
3224	verb.body	relax
3229	noun.state	stature
3231	noun.cognition	strategy
3232	verb.social	permit
3237	noun.communication	prediction
3239	verb.creation	fabricate
3240	noun.group	clique
3241	noun.group	policeagency
3242	verb.social	net
3243	noun.cognition	authority
3245	verb.social	step
3249	noun.person	horrified
3252	verb.consumption	interested
3254	verb.communication	assert
3256	verb.possession	getholdof
3261	verb.stative	waver
3263	noun.cognition	frame
3264	verb.communication	sorry
3265	noun.act	act
3266	noun.person	commissioner
3271	verb.contact	clickon
3273	verb.perception	blare
3274	noun.communication	announcement
3275	verb.contact	shelter
3279	noun.time	moderntime
3280	noun.communication	legalstatute
3281	verb.social	implicate
3282	verb.social	apprehend
3283	noun.person	JohnAllisonAnderton
3284	noun.group	PrecrimeAgency
3285	noun.group	FederalWestblocGovernment
3286	verb.contact	locate
3287	verb.social	neutralize
3288	noun.person	Commissioner
3292	verb.possession	forfeit
3293	noun.state	right
3294	noun.attribute	privilege
3299	verb.communication	speculate
3301	noun.cognition	intention
3303	noun.communication	respect
3304	verb.communication	concur
3305	noun.person	CommissionerWitwer
3306	verb.communication	neutralize
3307	verb.weather	beat
3309	noun.artifact	policebuilding
3311	verb.social	act
3317	noun.person	pedestrian
3318	verb.communication	checkoff
3320	noun.person	briefly
3330	noun.cognition	plot
3336	verb.change	breakdown
3339	noun.group	system
3341	noun.cognition	plotstuff
3344	noun.state	insecurity
3345	noun.event	squeal
3346	verb.creation	rouse
3347	verb.contact	tug
3348	noun.artifact	brake
3349	verb.contact	gun
3350	noun.location	under
3352	verb.contact	liftup
3353	noun.person	pay
3354	verb.body	gasp
3355	noun.event	crackle
3356	noun.phenomenon	fire
3357	verb.perception	echo
3359	noun.shape	swirl
3360	noun.artifact	rent
3361	noun.artifact	seatcushion
3362	noun.artifact	siren
3363	verb.communication	wail
3365	verb.perception	beat
3367	verb.contact	pluck
3368	verb.perception	throb
3369	verb.social	orient
3373	verb.body	twist
3374	noun.person	Fleming
3375	verb.motion	gethere
3378	noun.communication	chuckle
3380	noun.artifact	frameup
3381	noun.person	sharply
3383	noun.body	fronttooth
3384	noun.attribute	hostility
3387	verb.communication	kid
3388	verb.change	workout
3391	verb.change	wrapup
3396	verb.motion	takeoff
3397	noun.location	slum
3398	noun.artifact	intersystem
3399	verb.social	keeplow
3403	verb.contact	letgo
3404	noun.artifact	policecar
3405	noun.substance	pavement
3407	noun.location	wreck
3409	verb.perception	stir
3410	verb.cognition	consider
3412	noun.group	policeforce
3413	verb.perception	watch
3415	noun.time	keel
3416	verb.motion	stumble
3418	verb.contact	knockaway
3419	verb.motion	getgo
3421	verb.possession	discard
3424	noun.communication	identificationcard
3425	noun.person	ErnestTemple
3426	noun.person	electrician
3427	noun.possession	subsistence
3428	noun.location	Buffalo
3429	noun.quantity	dollar
3433	noun.attribute	measurement
3434	noun.state	fingerprint
3435	noun.cognition	brain-wavepattern
3436	verb.cognition	standcomparison
3437	noun.artifact	walletful
3439	noun.artifact	idcard
3443	verb.cognition	turnto
3444	verb.cognition	perplex
3445	noun.attribute	majority
3446	verb.communication	imply
3453	verb.contact	pulldown
3454	noun.artifact	bed
3455	noun.artifact	dresser
3456	noun.artifact	calendar
3458	noun.artifact	mainstation
3462	noun.state	trust
3463	verb.social	place
3465	verb.competition	evade
3466	noun.act	detection
3467	noun.act	re
3468	noun.time	tenure
3469	noun.state	confinement
3470	verb.change	spare
3472	noun.act	creation
3473	noun.cognition	Precrimesystem
3474	noun.cognition	detection
3476	noun.artifact	precog
3477	verb.cognition	preview
3480	noun.artifact	washbowl
3481	verb.contact	bathe
3482	noun.artifact	drugstore
3483	noun.artifact	Band-aids
3484	noun.artifact	comb
3485	noun.artifact	toothbrush
3486	noun.artifact	clothingstore
3490	noun.cognition	precog
3491	noun.location	genesis
3494	verb.cognition	arrive
3495	verb.consumption	utilize
3496	noun.communication	majorityreport
3497	noun.attribute	probability
3498	noun.communication	agreement
3501	noun.communication	result
3503	noun.cognition	solution
3506	noun.event	blare
3507	noun.state	unanimity
3511	verb.communication	explain
3512	noun.communication	minorityreport
3513	noun.event	variation
3515	noun.communication	future
3516	verb.possession	possess
3517	verb.change	alter
3519	noun.person	frantically
3521	noun.group	precog
3523	verb.stative	underlie
3524	noun.communication	precog
3527	noun.artifact	monkeyblock
3530	noun.communication	minority
3531	verb.emotion	swarm
3532	noun.artifact	phonebooth
3535	noun.communication	vid
3536	verb.cognition	recognize
3537	noun.person	receptionist
3541	verb.body	putin
3542	noun.communication	satellite
3545	verb.perception	glancearound
3546	verb.perception	pay
3547	noun.person	shopper
3548	noun.artifact	merchandise
3549	verb.social	goabout
3550	noun.act	routine
3551	verb.contact	tieup
3552	verb.perception	picture
3554	noun.attribute	uncertainty
3555	verb.motion	call
3556	verb.cognition	ignore
3561	noun.act	turnover
3563	verb.cognition	wait
3565	noun.event	slam
3567	noun.location	CentralPark
3570	noun.artifact	line-tap
3573	verb.motion	dropby
3574	noun.cognition	compute
3576	noun.communication	pause
3580	verb.communication	struggle
3582	noun.artifact	intercom
3586	noun.location	EntranceB
3590	verb.motion	pushthrough
3591	verb.contact	cram
3592	noun.artifact	cafeteria
3594	noun.act	wait
3598	verb.motion	prowl
3602	noun.food	hay
3605	noun.artifact	controlbank
3606	noun.group	minority
3609	verb.body	hunch
3610	verb.stative	bury
3611	noun.artifact	relay
3614	noun.person	jerry
3615	noun.person	tester
3616	noun.state	corrosion
3617	verb.contact	place
3618	noun.artifact	trainingschool
3619	verb.creation	cultivate
3621	noun.feeling	idiocy
3622	verb.motion	squat
3624	verb.creation	disassemble
3625	noun.artifact	shield
3626	noun.artifact	reel
3629	verb.change	branchoff
3630	verb.contact	liftout
3633	noun.communication	sectionoftape
3634	verb.stative	refer
3636	verb.possession	mount
3637	verb.stative	hold
3638	noun.artifact	tap
3641	verb.cognition	misphase
3642	noun.cognition	precognition
3645	verb.cognition	integrate
3646	noun.communication	assertion
3648	noun.communication	datum
3650	verb.communication	supersede
3653	noun.communication	preview
3654	verb.change	cancelout
3655	noun.substance	prophylaxis
3657	verb.contact	outvote
3658	noun.person	tremble
3660	verb.contact	rewind
3661	noun.artifact	head
3665	noun.feeling	stupidity
3666	verb.cognition	amazed
3669	verb.social	keep
3672	verb.social	backdown
3674	noun.attribute	innocence
3676	noun.person	his
3678	verb.possession	display
3679	verb.change	distort
3683	verb.communication	want
3685	noun.group	page
3687	noun.communication	influence
3690	noun.communication	reproach
3691	verb.body	choke
3696	verb.motion	hurry
3698	noun.artifact	supplycorridor
3701	noun.artifact	cruiser
3706	noun.artifact	reliefmap
3707	noun.artifact	plant
3710	verb.change	supersede
3711	noun.artifact	camp
3714	verb.body	react
3719	verb.change	concentrate
3720	verb.social	tackle
3721	verb.change	demolish
3722	noun.location	Kaplan
3724	noun.artifact	cigarettecase
3725	verb.motion	gounderground
3727	noun.attribute	disguise
3728	verb.consumption	smoke
3731	noun.person	general
3735	verb.social	head
3737	noun.person	highofficer
3738	noun.group	international
3739	noun.group	side
3740	noun.artifact	production
3742	noun.communication	coverage
3743	verb.possession	cost
3746	verb.communication	falsify
3753	noun.cognition	goodfaith
3756	verb.stative	sit
3757	verb.contact	foldup
3761	verb.emotion	motivate
3762	verb.cognition	believein
3768	verb.communication	retort
3769	noun.person	original
3772	verb.possession	gethold
3773	verb.communication	discredit
3774	noun.act	error
3777	verb.creation	thinkingof
3780	noun.attribute	safety
3783	verb.social	imprison
3786	noun.act	fire
3787	noun.artifact	release
3790	verb.motion	turnthe
3792	noun.feeling	selfish
3795	noun.communication	defence
3796	noun.act	behaviour
3797	verb.communication	subscribe
3800	noun.artifact	glovecompartment
3802	noun.attribute	slant
3805	noun.state	footing
3806	verb.communication	happe
3808	verb.motion	lurch
3809	verb.contact	lashout
3813	verb.communication	grunt
3818	verb.communication	factorin
3820	verb.cognition	debate
3822	verb.motion	creepinto
3823	noun.artifact	storagecompartment
3825	noun.artifact	reeloftape
3827	noun.body	puddle
3833	verb.motion	gout
3834	noun.act	flub
3835	verb.social	takeoff
3837	verb.change	warmup
3839	verb.social	separate
3843	verb.social	getaway
3845	noun.group	policepatrol
3846	verb.social	check
3849	verb.possession	tipoff
3851	noun.communication	disguise
3852	verb.communication	broadcast
3856	verb.motion	toss
3858	noun.body	temple
3862	verb.contact	squeeze
3863	noun.artifact	bulletwound
3868	verb.motion	Staggered
3870	verb.contact	sag
3871	verb.cognition	try
3872	verb.contact	collect
3874	verb.body	struggle
3876	verb.motion	huddleover
3877	verb.motion	creepback
3879	noun.group	Armyordnanceissue
3882	noun.person	TodFleming
3883	noun.person	ArmyMajor
3884	noun.person	GeneralLeopoldKaplan
3886	noun.person	InternationalVeteran
3887	noun.group	league
3890	noun.artifact	breadtruck
3891	verb.social	rig
3896	verb.social	makesure
3899	verb.social	arrest
3904	noun.artifact	communicationcircuit
3905	noun.artifact	dashboard
3906	noun.artifact	get
3908	verb.contact	dial
3909	noun.artifact	policeheadquarter
3910	verb.perception	flashby
3914	verb.body	blanch
3918	verb.motion	getback
3920	verb.competition	giveyourselfup
3921	verb.communication	speak
3924	verb.change	make
3925	noun.communication	page
3926	noun.person	army
3928	noun.person	image
3931	verb.possession	transcribe
3932	noun.artifact	duplicate
3939	noun.artifact	escortship
3940	verb.motion	speedoff
3946	verb.competition	clampdown
3949	verb.social	let
3953	verb.communication	callback
3956	noun.artifact	barrack
3957	noun.group	r-3
3958	verb.stative	block
3959	noun.act	civilwar
3961	noun.state	bruise
3965	noun.location	face
3967	verb.cognition	stop
3968	verb.cognition	pretend
3970	verb.communication	plot
3973	verb.social	turn
3977	noun.quantity	head
3978	noun.act	tail
3980	noun.group	theArmy
3981	verb.cognition	discredit
3983	verb.social	risk
3985	verb.competition	loseout
3988	noun.location	Westbloc
3989	verb.creation	demilitarise
3990	noun.person	officer
3994	verb.emotion	sympathize
3995	verb.social	divideup
3996	noun.group	authority
3999	verb.motion	comearound
4005	verb.perception	publicize
4006	verb.communication	retract
4009	noun.state	statusquo
4014	noun.person	Mike
4015	verb.social	choose
4016	verb.possession	layout
4018	noun.artifact	transportmechanism
4021	noun.location	path
4023	verb.contact	kidnap
4025	verb.motion	drivehome
4028	noun.group	organizationGHQ
4029	noun.group	InternationalVeteransLeague
4031	noun.communication	ultimatum
4032	verb.social	disband
4034	noun.act	hostility
4037	noun.person	PoliceCommissioner
4039	noun.possession	support
4040	noun.state	civil
4042	verb.communication	ratify
4043	noun.event	dismemberment
4045	verb.communication	decree
4046	verb.contact	take
4047	noun.group	corps
4051	noun.group	sleague
4053	verb.change	patchup
4054	noun.act	coup
4055	verb.communication	rewind
4056	verb.creation	preview
4058	verb.creation	present
4063	noun.location	begin
4064	verb.communication	jibe
4066	verb.contact	putaway
4070	verb.motion	move
4072	noun.person	rifle
4073	noun.person	soldier
4074	noun.artifact	pennant
4075	noun.person	afwa
4076	noun.group	rally
4090	noun.act	glint
4093	verb.cognition	supersede
4095	noun.communication	statute
4096	noun.act	lifeimprisonment
4097	verb.change	commute
4100	noun.act	evil
4104	verb.cognition	change
4107	verb.social	murder
4115	verb.contact	put
4118	noun.artifact	armament
4120	noun.artifact	speakersstand
4121	noun.communication	banner
4122	noun.communication	emblem
4123	noun.group	combinepower
4124	noun.act	corrosion
4125	noun.group	AFWAVeteransLeague
4129	noun.artifact	distinction
4130	verb.contact	occupy
4131	noun.artifact	row
4132	noun.group	afwa
4133	noun.group	command
4134	noun.artifact	banner
4135	verb.motion	swirl
4137	noun.person	dignitary
4138	noun.group	veteransLeague
4139	noun.group	policeunit
4142	verb.consumption	maintain
4143	noun.communication	boom
4144	verb.stative	pack
4146	noun.location	mod
4147	verb.cognition	sense
4151	noun.person	GeneralKaplan
4152	noun.artifact	pocketwatch
4153	noun.artifact	cane
4155	noun.attribute	mothball
4157	noun.artifact	medal
4158	noun.artifact	short
4159	noun.artifact	sword
4160	noun.person	noticeAnderton
4162	verb.motion	breakaway
4165	noun.event	surprise
4167	verb.body	holdout
4175	noun.feeling	humour
4177	verb.social	bring
4183	verb.communication	acquaint
4188	noun.communication	case
4189	verb.communication	symbolize
4190	noun.person	stiffly
4193	noun.person	coldly
4194	noun.attribute	vehemence
4196	verb.contact	stand
4197	verb.communication	expose
4204	verb.motion	mount
4205	noun.artifact	podium
4208	noun.communication	exposure
4209	noun.act	repercussion
4211	verb.cognition	reconsider
4212	noun.attribute	validity
4216	verb.contact	arrange
4218	verb.communication	begin
4219	verb.stative	focus
4222	verb.change	cancel
4223	noun.person	CommissionerAnderton
4224	verb.social	give
4225	verb.competition	up
4229	noun.communication	allegation
4230	noun.communication	patent
4232	noun.attribute	distortion
4233	noun.cognition	penalsystem
4234	noun.communication	premise
4235	noun.person	fascinated
4246	noun.act	felony
4251	verb.change	render
4252	noun.group	policeprecog
4253	verb.cognition	invalidate
4258	noun.communication	summary
4262	verb.contact	layaside
4263	verb.change	obtain
4273	verb.body	whipout
4274	verb.body	stammer
4275	verb.motion	breakoff
4276	noun.location	stand
4279	verb.contact	tangleup
4281	verb.motion	flutter
4282	verb.contact	flail
4287	verb.contact	breakloose
4288	verb.motion	twitch
4289	verb.body	sickened
4292	verb.communication	guarantee
4294	noun.quantity	mass
4296	noun.location	periphery
4299	verb.creation	compose
4302	noun.state	misery
4304	verb.communication	refer
4308	noun.person	JohnAnderton
4310	noun.possession	possession
4312	verb.possession	accumulate
4314	noun.artifact	crate
4315	noun.artifact	truck
4316	noun.location	Centaurusx
4318	verb.motion	makeitback
4322	verb.communication	checkon
4323	noun.artifact	atronic
4324	noun.artifact	appliance
4325	noun.person	centten
4328	noun.communication	regret
4329	noun.feeling	regret
4333	verb.motion	driveup
4334	noun.artifact	patrolcar
4338	noun.communication	breakdown
4341	noun.act	retraction
4343	verb.cognition	can
4350	verb.contact	getout
4352	noun.body	light
4353	verb.contact	ignite
4355	verb.perception	overlook
4359	verb.communication	wadeinto
4360	noun.feeling	satisfaction
4367	verb.social	phase
4369	verb.cognition	factor
4370	noun.person	ntKaplan
4375	verb.cognition	face
4378	noun.communication	report
4380	verb.cognition	recreate
4381	noun.communication	position
4383	verb.communication	invalidate
4388	verb.communication	conclude
4394	noun.time	timepath
4400	verb.social	invalidate
4401	verb.communication	sum
4402	noun.person	anxiously
4404	verb.motion	trot
4405	verb.social	overhaul
4409	verb.cognition	derive
4410	noun.state	comfort
4413	verb.body	twitch
4414	noun.person	youngWitwer
